cate1,cate2,cate3,name
디지털/가전,PC부품,CPU,인텔 인텔 코어i7-4세대 4770K (하스웰) (정품)
디지털/가전,PC부품,CPU,애플 맥북에어 13형 MacBook Air 13.3/1.6/4/256FLASH MJ...
디지털/가전,PC부품,CPU,애플 맥북에어 11형 MacBook Air 11.6/1.6/4/128FLASH MJ...
디지털/가전,PC부품,CPU,[ICODA] [대리점정품]인텔 제온 E5-2630V3 하스웰-EP (2.4GHz/...
디지털/가전,PC부품,CPU,ICODA [대리점정품]인텔 제온 E5-2630V3 하스웰-EP (2.4GHz/8C...
디지털/가전,PC부품,CPU,인텔 intel 코어4세대 하스웰 i3-4160
디지털/가전,PC부품,CPU,인텔 코어i3-4세대 4160 (하스웰 리프레시) (정품)
디지털/가전,PC부품,CPU,인텔 코어i3-4세대 4160 (하스웰 리프레시) (수입/박스)
디지털/가전,PC부품,CPU,애플 맥북에어 13형 MJVG2KH/A + AirPort Time Capsule -...
디지털/가전,PC부품,CPU,[해외] Intel Intel Xeon Qc E3-1270 Processor ...
디지털/가전,PC부품,CPU,[해외]IntelIntel Pentium Dual Core G2030 LGA 115...
디지털/가전,PC부품,CPU,[해외]IntelIntel PENTIUM SL7EP:M Processor 735 1...
디지털/가전,PC부품,CPU,[해외]IntelIntel Pentium Processor G3258 4 BX806...
디지털/가전,PC부품,CPU,[4%즉시할인쿠폰]인텔 제온 E3-1226V3 (하스웰) (정품)
디지털/가전,PC부품,CPU,[해외]IntelIntel?? Xeon?? Processor X5570 (8M Ca...
디지털/가전,PC부품,CPU,[4%즉시할인쿠폰]인텔 코어2듀오 E7400 (울프데일)
디지털/가전,PC부품,CPU,[해외]IntelIntel Core i7-4790K Processor (8M Cac...
디지털/가전,PC부품,CPU,[해외]IntelIntel Core i3-4370 3.8 GHz Desktop Ha...
디지털/가전,PC부품,CPU,[해외]IBMIBM Xeon E5-2620 2 GHz Processor Upgrad...
디지털/가전,PC부품,CPU,[해외]IntelIntel Core i5-4690 Processor (6M Cach...
디지털/가전,PC부품,CPU,[해외]IntelIntel Core i7-5930K Haswell-E 6-Core ...
디지털/가전,PC부품,CPU,[해외]IBMIBM Xeon E5-2650 2 GHz 8 LGA 2011 Proce...
디지털/가전,PC부품,CPU,[해외]IntelIntel I7-950 LGA1366 3.06G 8MB 4.8 GT...
디지털/가전,PC부품,CPU,[해외]IntelIntel Core i7-4900MQ 2.80GHz Processo...
디지털/가전,PC부품,CPU,[해외]HPHP Xeon E5-2620V2 2.1 GHz 6 LGA 2011 Pro...
디지털/가전,PC부품,CPU,[4%즉시할인쿠폰]Intel Pentium G3258 3.2 GHz Processo...
디지털/가전,PC부품,CPU,인텔 코어 i3 아이비브릿지 3220
디지털/가전,PC부품,CPU,인텔 펜티엄 하스웰 G3220
디지털/가전,PC부품,CPU,인텔 제온 하스웰 E3-1230V3
패션의류,아동의류,한복,[국민카드5%][예화][예화-좋은아이들] 名品 전통양단 색동 여아동한복(돌복전용)_...
패션의류,아동의류,한복,"[신한카드 5%할인, 3/19]예화-좋은아이들名品 남아 아동한복 금직배자보라 600..."
패션의류,아동의류,한복,[프렌치캣] [2015년 봄 기획상품]세로 ST 레깅스(Q51DKP290) [갤러리...
패션의류,아동의류,한복,[BC카드5%할인][예화_좋은아이들] 名品 아동한복 남아_ 4005 이산검정 (배자...
패션의류,아동의류,한복,[5% 즉시할인] 고빅스 여성 한복 소품 머리장식 주석칠보 뒷꽂이 NA027 3개
패션의류,아동의류,한복,[최저가파워] 아동한복 [예화-좋은아이들] 아동한복 여아 1078 빛이나분홍
패션의류,아동의류,한복,[예화-좋은아이들] 아동한복 여아 1078 빛이나분홍
패션의류,아동의류,한복,[예화한복] 좋은아이들 아동한복 여아 1078 빛이나분홍
패션의류,아동의류,한복,[5% 즉시할인] 고빅스 여성 한복 소품 머리장식 주석칠보 뒷꽂이 NA021 3개
패션의류,아동의류,한복,[현대백화점 I관]10만원이상 양말 증정 [바비]여아 컬러풀 포니테일 블라우스티(화...
패션의류,아동의류,한복,[서우한복] 여아 능소화노랑
패션의류,아동의류,한복,[예화-좋은아이들] 名品 전통 돌금박 여아 전통 돌한복_ 5029 (당의+자락치마)
패션의류,아동의류,한복,"[KB국민카드 5%할인, 3/14]Fidelia프론트리프팅로얄블루세트"
패션의류,아동의류,한복,[5% 즉시할인](현대Hmall)[名品한복의 대명사 아씨우리옷] 아동한복 소품 머리...
패션의류,아동의류,한복,[BC카드5%할인][예화-좋은아이들] 名品 남아 아동한복 색동비취 6015 (배자+...
패션의류,아동의류,한복,[예화-좋은아이들] 여아 아동한복_ 3030 은별 녹두 저고리+치마[[]
패션의류,아동의류,한복,[신한카드5%할인][예화-좋은아이들] 아동한복 여아 1076 빛이나노랑
패션의류,아동의류,한복,베네통키즈 멀티프린트경량신발주머니(QCBG23511.PK)
패션의류,아동의류,한복,[드레스하우스]드레스하우스)hm68 꿈나래_나비코사지 비취배자 한복